000000001,000000001,{“test”:”test”}
000000002,000000002,{“test”:”test”}
000000003,000000003,{“test”:”test”}
000000004,000000004,{“test”:”test”}
000000005,000000005,{“test”:”test”}
000000006,000000006,{“test”:”test”}
000000007,000000007,{“test”:”test”}
000000008,000000008,{“test”:”test”}
000000009,000000009,{“test”:”test”}
000000010,000000010,{“test”:”test”}
000000011,000000011,{“test”:”test”}
000000012,000000012,{“test”:”test”}
000000013,000000013,{“test”:”test”}
000000014,000000014,{“test”:”test”}
